n_topics,inertia
400,8268.577467486786
200,9699.561038697895
100,12871.591044960544
50,17447.23640302499
40,20374.37066906388
30,24487.12910042028
20,27013.002662226558
10,39175.72587178694
5,45338.243986787274
